{"cameraMode":{"drawMode":0,"name":"Shaded","section":"Shading Mode"},"sceneLighting":true,"audioPlay":false,"sceneViewState":{"showFog":true,"showMaterialUpdate":false,"showSkybox":true,"showFlares":true,"showImageEffects":true,"showParticleSystems":true},"in2DMode":false,"pivot":{"x":-3.4657907485961916,"y":1.0613229274749756,"z":1.0426266193389893},"rotation":{"x":-0.18760254979133607,"y":-0.25115251541137698,"z":0.049685850739479068,"w":-0.948293149471283},"size":22.731563568115236,"orthographic":false}