{"cameraMode":{"drawMode":0,"name":"Shaded","section":"Shading Mode"},"sceneLighting":true,"audioPlay":false,"sceneViewState":{"showFog":true,"showMaterialUpdate":false,"showSkybox":true,"showFlares":true,"showImageEffects":true,"showParticleSystems":true},"in2DMode":false,"pivot":{"x":1.2128947973251343,"y":-2.4999051094055177,"z":7.365840911865234},"rotation":{"x":-0.18466240167617799,"y":0.07715721428394318,"z":-0.014544818550348282,"w":-0.979661762714386},"size":16.261211395263673,"orthographic":false}