{"cameraMode":{"drawMode":0,"name":"Shaded","section":"Shading Mode"},"sceneLighting":true,"audioPlay":false,"sceneViewState":{"showFog":true,"showMaterialUpdate":false,"showSkybox":true,"showFlares":true,"showImageEffects":true,"showParticleSystems":true},"in2DMode":false,"pivot":{"x":-0.06997183710336685,"y":-0.29869401454925539,"z":-0.950499951839447},"rotation":{"x":-0.32149598002433779,"y":-0.0036961627192795278,"z":0.0012507428182289005,"w":-0.9469075202941895},"size":10.822092056274414,"orthographic":false}