{"cameraMode":{"drawMode":0,"name":"Shaded","section":"Shading Mode"},"sceneLighting":true,"audioPlay":false,"sceneViewState":{"showFog":true,"showMaterialUpdate":false,"showSkybox":true,"showFlares":true,"showImageEffects":true,"showParticleSystems":true},"in2DMode":false,"pivot":{"x":1.187988519668579,"y":0.03162026405334473,"z":3.0461769104003908},"rotation":{"x":0.04648182913661003,"y":0.007491466123610735,"z":-0.00034858688013628125,"w":0.9988910555839539},"size":22.08812713623047,"orthographic":false}